{"schemaVersion":"1.0","appDefinitionTemplate":{"id":"/providers/Microsoft.PowerApps/apps/","type":"Microsoft.PowerApps/apps","tags":{"primaryDeviceWidth":"1366","primaryDeviceHeight":"768","supportsPortrait":"true","supportsLandscape":"true","primaryFormFactor":"Tablet","publisherVersion":"3.22091.27","minimumRequiredApiVersion":"2.2.0","hasComponent":"false","hasUnlockedComponent":"false","isUnifiedRootApp":"false","sienaVersion":"20221010T150908Z-3.22091.27.0"},"properties":{"appVersion":"2022-10-10T15:09:08Z","lifeCycleId":"Published","createdByClientVersion":{"major":3,"minor":22091,"build":27,"revision":0,"majorRevision":0,"minorRevision":0},"minClientVersion":{"major":3,"minor":22091,"build":27,"revision":0,"majorRevision":0,"minorRevision":0},"backgroundColor":"rgba(255, 255, 255, 1)","backgroundImageUri":"/11186162053369849649/Ncf345f29-a008-44a9-84d0-1b0e3883f3ac-logoSmallFile","displayName":"Holiday Calendar Template","description":"","commitMessage":"","appUris":{"documentUri":{"value":"/11186162053369849649/Nf2c4768d-2601-4caf-b476-8392189657fb-document.msapp"},"imageUris":[],"additionalUris":[]},"createdTime":"0001-01-01T00:00:00Z","lastModifiedTime":"0001-01-01T00:00:00Z","sharedGroupsCount":0,"sharedUsersCount":0,"icons":{"smallIconUri":"/11186162053369849649/N7c5d413d-7518-4de1-803c-b3605d6fec29-small.png","mediumIconUri":"/11186162053369849649/N5df6fbf3-e827-4c52-a1bb-5c29e518c33e-medium.png","largeIconUri":"/11186162053369849649/Nd7d0da45-9f01-4117-9ee2-c33cff01cf16-large.png","wideIconUri":"/11186162053369849649/Nca726449-97ee-49a9-81a9-f9f10308e38c-wide.png"},"connectionReferences":{},"databaseReferences":{},"almMode":"Environment","performanceOptimizationEnabled":true,"canConsumeAppPass":true,"enableModernRuntimeMode":false,"executionRestrictions":{"isTeamsOnly":false,"dataLossPreventionEvaluationResult":{"status":"Compliant","lastEvaluationDate":"2022-10-02T18:40:37.4180202Z","violations":[],"violationsByPolicy":[],"violationErrorMessage":"The app uses the following connectors: shared_rss."}}},"appType":"ClassicCanvasApp","appComponents":[]}}