{"schemaVersion":"1.0","appDefinitionTemplate":{"id":"/providers/Microsoft.PowerApps/apps/","type":"Microsoft.PowerApps/apps","tags":{"primaryDeviceWidth":"1366","primaryDeviceHeight":"768","supportsPortrait":"true","supportsLandscape":"true","primaryFormFactor":"Tablet","publisherVersion":"3.22091.27","minimumRequiredApiVersion":"2.2.0","hasComponent":"false","hasUnlockedComponent":"false","isUnifiedRootApp":"false","sienaVersion":"20221007T102914Z-3.22091.27.0"},"properties":{"appVersion":"2022-10-07T10:29:14Z","lifeCycleId":"Published","createdByClientVersion":{"major":3,"minor":22091,"build":27,"revision":0,"majorRevision":0,"minorRevision":0},"minClientVersion":{"major":3,"minor":22091,"build":27,"revision":0,"majorRevision":0,"minorRevision":0},"backgroundColor":"rgba(255, 255, 255, 1)","backgroundImageUri":"/4131829896534432393/N16962d7f-91ef-4e55-8a67-aba48c22f3f3-logoSmallFile","displayName":"Holiday Calendar","description":"","commitMessage":"","appUris":{"documentUri":{"value":"/4131829896534432393/Nb140df90-3c24-48ca-aab7-fede1f923c1f-document.msapp"},"imageUris":[],"additionalUris":[]},"createdTime":"0001-01-01T00:00:00Z","lastModifiedTime":"0001-01-01T00:00:00Z","sharedGroupsCount":0,"sharedUsersCount":0,"icons":{"smallIconUri":"/4131829896534432393/Na2320a80-a61b-4f7c-82b4-81e1ce3d509a-small.png","mediumIconUri":"/4131829896534432393/N3597161b-1872-4782-a4f0-9b9d7ef9b6e7-medium.png","largeIconUri":"/4131829896534432393/Na6072ebb-319c-4d9f-9736-a5ad5e43fffe-large.png","wideIconUri":"/4131829896534432393/Nc7b82e3d-6c4a-4930-8d7b-958adef48f6f-wide.png"},"connectionReferences":{"2bca3e34-3322-43ff-b504-7521d117399d":{"id":"ea376316-021e-4581-b743-2273461f037a","displayName":"RSS","iconUri":"https://connectoricons-prod.azureedge.net/releases/v1.0.1590/1.0.1590.2954/rss/icon.png","dataSources":["RSS"],"dependencies":[],"dependents":[],"parameterHints":{},"parameterHintsV2":{},"isOnPremiseConnection":false,"bypassConsent":false,"dataSets":{},"apiTier":"Standard","isCustomApiConnection":false,"actions":["ListFeedItems"]}},"databaseReferences":{},"almMode":"Environment","performanceOptimizationEnabled":true,"canConsumeAppPass":true,"enableModernRuntimeMode":false,"executionRestrictions":{"isTeamsOnly":false,"dataLossPreventionEvaluationResult":{"status":"Compliant","lastEvaluationDate":"2022-10-02T18:40:37.4180202Z","violations":[],"violationsByPolicy":[],"violationErrorMessage":"The app uses the following connectors: shared_rss."}}},"appType":"ClassicCanvasApp","appComponents":[]}}